jahr;von;bis;status;name;wert
2020;20200101;20201231;offen;anlage_betrag;30000.0
2020;20200101;20201231;offen;vola_aktien;0.1
2021;20210101;20211231;offen;anlage_betrag;21025.540990118436
2021;20210101;20211231;offen;vola_aktien;0.1
2022;20220101;20221231;offen;anlage_betrag;21051.400954675024
2022;20220101;20221231;offen;vola_aktien;0.1
