jahr;topf;name;wert
2020;999;kasse_anfang;100000.0
2020;999;umbuchung_von_kasse_zu_ka_zugang;100000.0
2021;renten;anfang;49251.48364015328
2021;aktien;anfang;21107.778702922835
2021;renten;ende;70721.3282369187
2021;renten;zins;362.06589384258393
2021;renten;zugang;0.0
2021;renten;ablauf;0.0
