jahr;topf;name;wert
2020;999;kasse_anfang;100000.0
2020;999;umbuchung_von_kasse_zu_ka_zugang;100000.0
2022;renten;anfang;49119.935560908394
2022;aktien;anfang;21051.400954675024
2022;renten;ende;70258.60571375534
2022;renten;zins;87.26919817193053
2022;renten;zugang;0.0
2022;renten;ablauf;0.0
