jahr;tkz;name;wert
2020;20200101709;nachreservierungJaNein;ja
2020;20200101709;nachreservierungswert;0.0696945878937405
2020;20200101767;nachreservierungJaNein;ja
2020;20200101767;nachreservierungswert;0.07615201452212635
2021;20200101709;nachreservierungJaNein;ja
2021;20200101709;nachreservierungswert;0.08087632770818395
2021;20200101767;nachreservierungJaNein;ja
2021;20200101767;nachreservierungswert;0.08232615260681204
