jahr;name;wert
2020;verschiebung;-0.0010187623753125407
2021;verschiebung;-0.00013750042570701254
2022;verschiebung;-0.003413899808463479
