jahr;name;wert
2020;verschiebung;-0.003915126399478375
2021;verschiebung;1.3784293442359345e-05
