jahr;name;wert
2020;verschiebung;0.0006314868796307264
2021;verschiebung;0.0030469880650909665
2022;verschiebung;-0.0018724264903564342
2023;verschiebung;-0.0001716514764925423
2024;verschiebung;-0.004073020124541707
2025;verschiebung;-0.0032130035257451743
