jahr;name;wert
2020;verschiebung;0.002897319186801717
2021;verschiebung;0.00013378450491994352
