jahr;name;wert
2020;verschiebung;-0.003666860417039514
2021;verschiebung;0.0004450425758765763
